{
  "total_samples": 127,
  "aggregate_metrics": {
    "accuracy": {
      "mean": 0.5354330708661418,
      "min": 0.0,
      "max": 1.0
    },
    "exact_match": {
      "mean": 0.5354330708661418,
      "min": 0.0,
      "max": 1.0
    },
    "has_valid_format": {
      "mean": 1.0,
      "min": 1.0,
      "max": 1.0
    }
  },
  "by_country": {
    "Iran": {
      "count": 37,
      "accuracy": 0.4594594594594595
    },
    "Israel": {
      "count": 13,
      "accuracy": 0.46153846153846156
    },
    "Lebanon": {
      "count": 22,
      "accuracy": 0.5454545454545454
    },
    "Saudi Arabia": {
      "count": 17,
      "accuracy": 0.47058823529411764
    },
    "Turkey": {
      "count": 38,
      "accuracy": 0.6578947368421053
    }
  },
  "by_region": {
    "Middle East/West Asia": {
      "count": 127,
      "accuracy": 0.5354330708661418
    }
  }
}