{
  "total_samples": 134,
  "aggregate_metrics": {
    "accuracy": {
      "mean": 0.7388059701492538,
      "min": 0.0,
      "max": 1.0
    },
    "exact_match": {
      "mean": 0.7388059701492538,
      "min": 0.0,
      "max": 1.0
    },
    "has_valid_format": {
      "mean": 1.0,
      "min": 1.0,
      "max": 1.0
    }
  },
  "by_country": {
    "Nigeria": {
      "count": 22,
      "accuracy": 0.8181818181818182
    },
    "Morocco": {
      "count": 17,
      "accuracy": 0.6470588235294118
    },
    "Zimbabwe": {
      "count": 17,
      "accuracy": 0.8823529411764706
    },
    "Egypt": {
      "count": 20,
      "accuracy": 0.45
    },
    "South Africa": {
      "count": 58,
      "accuracy": 0.7931034482758621
    }
  },
  "by_region": {
    "Africa": {
      "count": 134,
      "accuracy": 0.7388059701492538
    }
  }
}