{
  "total_samples": 211,
  "aggregate_metrics": {
    "accuracy": {
      "mean": 0.6066350710900474,
      "min": 0.0,
      "max": 1.0
    },
    "exact_match": {
      "mean": 0.6066350710900474,
      "min": 0.0,
      "max": 1.0
    },
    "has_valid_format": {
      "mean": 1.0,
      "min": 1.0,
      "max": 1.0
    }
  },
  "by_country": {
    "South Korea": {
      "count": 41,
      "accuracy": 0.5609756097560976
    },
    "Japan": {
      "count": 53,
      "accuracy": 0.7169811320754716
    },
    "Taiwan": {
      "count": 22,
      "accuracy": 0.4090909090909091
    },
    "Hong Kong": {
      "count": 36,
      "accuracy": 0.6666666666666666
    },
    "China": {
      "count": 59,
      "accuracy": 0.576271186440678
    }
  },
  "by_region": {
    "East Asia": {
      "count": 211,
      "accuracy": 0.6066350710900474
    }
  }
}