{
  "total_samples": 127,
  "aggregate_metrics": {
    "accuracy": {
      "mean": 0.5275590551181102,
      "min": 0.0,
      "max": 1.0
    },
    "exact_match": {
      "mean": 0.5275590551181102,
      "min": 0.0,
      "max": 1.0
    },
    "has_valid_format": {
      "mean": 1.0,
      "min": 1.0,
      "max": 1.0
    }
  },
  "by_country": {
    "Iran": {
      "count": 37,
      "accuracy": 0.4864864864864865
    },
    "Israel": {
      "count": 13,
      "accuracy": 0.5384615384615384
    },
    "Lebanon": {
      "count": 22,
      "accuracy": 0.5
    },
    "Saudi Arabia": {
      "count": 17,
      "accuracy": 0.4117647058823529
    },
    "Turkey": {
      "count": 38,
      "accuracy": 0.631578947368421
    }
  },
  "by_region": {
    "Middle East/West Asia": {
      "count": 127,
      "accuracy": 0.5275590551181102
    }
  }
}