{
  "total_samples": 134,
  "aggregate_metrics": {
    "accuracy": {
      "mean": 0.6417910447761194,
      "min": 0.0,
      "max": 1.0
    },
    "exact_match": {
      "mean": 0.6417910447761194,
      "min": 0.0,
      "max": 1.0
    },
    "has_valid_format": {
      "mean": 0.9925373134328358,
      "min": 0.0,
      "max": 1.0
    }
  },
  "by_country": {
    "Nigeria": {
      "count": 22,
      "accuracy": 0.6818181818181818
    },
    "Morocco": {
      "count": 17,
      "accuracy": 0.4117647058823529
    },
    "Zimbabwe": {
      "count": 17,
      "accuracy": 0.7647058823529411
    },
    "Egypt": {
      "count": 20,
      "accuracy": 0.5
    },
    "South Africa": {
      "count": 58,
      "accuracy": 0.7068965517241379
    }
  },
  "by_region": {
    "Africa": {
      "count": 134,
      "accuracy": 0.6417910447761194
    }
  }
}