{
  "total_samples": 21293,
  "aggregate_metrics": {
    "accuracy": {
      "mean": 0.6834640492180529,
      "min": 0.0,
      "max": 1.0
    },
    "exact_match": {
      "mean": 0.6834640492180529,
      "min": 0.0,
      "max": 1.0
    },
    "has_valid_format": {
      "mean": 0.9999530362090828,
      "min": 0.0,
      "max": 1.0
    }
  }
}