{
  "total_samples": 19371,
  "aggregate_metrics": {
    "accuracy": {
      "mean": 0.7086366217541686,
      "min": 0.0,
      "max": 1.0
    },
    "exact_match": {
      "mean": 0.7086366217541686,
      "min": 0.0,
      "max": 1.0
    },
    "has_valid_format": {
      "mean": 0.9993805172680812,
      "min": 0.0,
      "max": 1.0
    }
  }
}