{
  "total_samples": 21439,
  "aggregate_metrics": {
    "accuracy": {
      "mean": 0.7397733103223099,
      "min": 0.0,
      "max": 1.0
    },
    "exact_match": {
      "mean": 0.7397733103223099,
      "min": 0.0,
      "max": 1.0
    },
    "has_valid_format": {
      "mean": 0.9999067120667942,
      "min": 0.0,
      "max": 1.0
    }
  }
}