{
  "total_samples": 15289,
  "aggregate_metrics": {
    "accuracy": {
      "mean": 0.6460854208908365,
      "min": 0.0,
      "max": 1.0
    },
    "exact_match": {
      "mean": 0.6460854208908365,
      "min": 0.0,
      "max": 1.0
    },
    "has_valid_format": {
      "mean": 0.9989534959775002,
      "min": 0.0,
      "max": 1.0
    }
  }
}