{
  "total_samples": 16491,
  "aggregate_metrics": {
    "accuracy": {
      "mean": 0.8652598386998969,
      "min": 0.0,
      "max": 1.0
    },
    "exact_match": {
      "mean": 0.8652598386998969,
      "min": 0.0,
      "max": 1.0
    },
    "has_valid_format": {
      "mean": 0.9996361651810078,
      "min": 0.0,
      "max": 1.0
    }
  }
}