culture,Llama 3.2-3B,Qwen 2.5-3B,Unknown
AS,65.4111679894801,68.34640492180529,
BLEND,,,30.0
CN,79.58353748162665,81.35717785399315,
ID,66.65576558309895,64.60854208908366,
IR,74.374064322957,70.86366217541686,
KR,74.83558001772471,73.97733103223099,75.5
UK,85.7322250792322,84.75751958380673,
US,87.85398095931114,86.52598386998969,
